No.,Time,,time 1,time 2,delay,,delay 1,Delay 2,JITTER
1,0,,0,0.28773,0.28773,,0.087676,0.014458,-0.073218
2,0.28773,,0.28773,0.487784,0.200054,,0.014458,0.147018,0.13256
3,0.487784,,0.487784,0.67338,0.185596,,0.147018,0.037497,-0.109521
4,0.67338,,0.67338,0.711958,0.038578,,0.037497,-0.293552,-0.331049
5,0.711958,,0.711958,0.713039,0.001081,,-0.293552,0.24519,0.538742
6,0.713039,,0.713039,1.007672,0.294633,,0.24519,-0.131994,-0.377184
7,1.007672,"1,007,672",1.007672,1.057115,0.049443,,-0.131994,0.180912,0.312906
8,1.057115,"1,057,115",1.057115,1.238552,0.181437,,0.180912,-0.273539,-0.454451
9,1.238552,"1,238,552",1.238552,1.239077,0.000525,,-0.273539,-0.221564,0.051975
10,1.239077,"1,239,077",1.239077,1.513141,0.274064,,-0.221564,-0.016817,0.204747
11,1.513141,"1,513,141",1.513141,2.008769,0.495628,,-0.016817,0.209318,0.226135
12,2.008769,"2,008,769",2.008769,2.521214,0.512445,,0.209318,0.267572,0.058254
13,2.521214,"2,521,214",2.521214,2.824341,0.303127,,0.267572,0.012056,-0.255516
14,2.824341,"2,824,341",2.824341,2.859896,0.035555,,0.012056,-0.033576,-0.045632
15,2.859896,"2,859,896",2.859896,2.883395,0.023499,,-0.033576,-2.637744,-2.604168
16,2.883395,"2,883,395",2.883395,2.94047,0.057075,,-2.637744,2.670081,5.307825
17,2.94047,"294,047",0.294047,2.988866,2.694819,,2.670081,-0.068453,-2.738534
18,2.988866,"2,988,866",2.988866,3.013604,0.024738,,-0.068453,0.068972,0.137425
19,3.013604,"3,013,604",3.013604,3.106795,0.093191,,0.068972,0.016876,-0.052096
20,3.106795,"3,106,795",3.106795,3.131014,0.024219,,0.016876,-0.03937,-0.056246
21,3.131014,"3,131,014",3.131014,3.138357,0.007343,,-0.03937,-3.044697,-3.005327
22,3.138357,"3,138,357",3.138357,3.18507,0.046713,,-3.044697,3.002937,6.047634
23,3.18507,"318,507",0.318507,3.409917,3.09141,,3.002937,-3.409666,-6.412603
24,3.409917,"3,409,917",3.409917,3.49839,0.088473,,-3.409666,3.341726,6.751392
25,3.49839,"349,839",0.349839,3.847978,3.498139,,3.341726,-0.350835,-3.692561
26,3.847978,"3,847,978",3.847978,4.004391,0.156413,,-0.350835,0.30483,0.655665
27,4.004391,"4,004,391",4.004391,4.511639,0.507248,,0.30483,0.202418,-0.102412
28,4.511639,"4,511,639",4.511639,4.714057,0.202418,,0.202418,-0.158027,-0.360445
29,4.714057,"4,714,057",4.714057,4.714057,0,,-0.158027,0.032236,0.190263
30,4.714057,"4,714,057",4.714057,4.872084,0.158027,,0.032236,-0.025605,-0.057841
31,4.872084,"4,872,084",4.872084,4.997875,0.125791,,-0.025605,-0.439969,-0.414364
32,4.997875,"4,997,875",4.997875,5.149271,0.151396,,-0.439969,0.538226,0.978195
33,5.149271,"5,149,271",5.149271,5.740636,0.591365,,0.538226,-0.00939,-0.547616
34,5.740636,"5,740,636",5.740636,5.793775,0.053139,,-0.00939,-0.001421,0.007969
35,5.793775,"5,793,775",5.793775,5.856304,0.062529,,-0.001421,-0.253329,-0.251908
36,5.856304,"5,856,304",5.856304,5.920254,0.06395,,-0.253329,-0.137118,0.116211
37,5.920254,"5,920,254",5.920254,6.237533,0.317279,,-0.137118,-5.623912,-5.486794
38,6.237533,"6,237,533",6.237533,6.69193,0.454397,,-5.623912,6.008174,11.632086
39,6.69193,"669,193",0.669193,6.747502,6.078309,,6.008174,-0.134585,-6.142759
40,6.747502,"6,747,502",6.747502,6.817637,0.070135,,-0.134585,-0.820889,-0.686304
41,6.817637,"6,817,637",6.817637,7.022357,0.20472,,-0.820889,0.810225,1.631114
42,7.022357,"7,022,357",7.022357,8.047966,1.025609,,0.810225,-7.622928,-8.433153
43,8.047966,"8,047,966",8.047966,8.26335,0.215384,,-7.622928,7.716129,15.339057
44,8.26335,"826,335",0.826335,8.664647,7.838312,,7.716129,-7.790577,-15.506706
45,8.664647,"8,664,647",8.664647,8.78683,0.122183,,-7.790577,7.631383,15.42196
46,8.78683,"878,683",0.878683,8.791443,7.91276,,7.631383,-8.394082,-16.025465
47,8.791443,"8,791,443",8.791443,9.07282,0.281377,,-8.394082,8.532225,16.926307
48,9.07282,"907,282",0.907282,9.582741,8.675459,,8.532225,0.117853,-8.414372
49,9.582741,"9,582,741",9.582741,9.725975,0.143234,,0.117853,-0.420176,-0.538029
50,9.725975,"9,725,975",9.725975,9.751356,0.025381,,-0.420176,0.379659,0.799835
51,9.751356,"9,751,356",9.751356,10.196913,0.445557,,0.379659,-0.040011,-0.41967
52,10.196913,"10,196,913",10.196913,10.262811,0.065898,,-0.040011,-9.620856,-9.580845
53,10.262811,"10,262,811",10.262811,10.36872,0.105909,,-9.620856,9.370653,18.991509
54,10.36872,"1,036,872",1.036872,10.763637,9.726765,,9.370653,0.295465,-9.075188
55,10.763637,"10,763,637",10.763637,11.119749,0.356112,,0.295465,-0.692095,-0.98756
56,11.119749,"11,119,749",11.119749,11.180396,0.060647,,-0.692095,0.543384,1.235479
57,11.180396,"11,180,396",11.180396,11.933138,0.752742,,0.543384,-0.425038,-0.968422
58,11.933138,"11,933,138",11.933138,12.142496,0.209358,,-0.425038,0.634396,1.059434
59,12.142496,"12,142,496",12.142496,12.776892,0.634396,,0.634396,-0.072699,-0.707095
60,12.776892,"12,776,892",12.776892,12.776892,0,,-0.072699,0.063388,0.136087
61,12.776892,"12,776,892",12.776892,12.849591,0.072699,,0.063388,-0.298616,-0.362004
62,12.849591,"12,849,591",12.849591,12.858902,0.009311,,-0.298616,0.000762,0.299378
63,12.858902,"12,858,902",12.858902,13.166829,0.307927,,0.000762,0.144645,0.143883
64,13.166829,"13,166,829",13.166829,13.473994,0.307165,,0.144645,-0.33117,-0.475815
65,13.473994,"13,473,994",13.473994,13.636514,0.16252,,-0.33117,0.453115,0.784285
66,13.636514,"13,636,514",13.636514,14.130204,0.49369,,0.453115,-0.190971,-0.644086
67,14.130204,"14,130,204",14.130204,14.170779,0.040575,,-0.190971,0.156921,0.347892
68,14.170779,"14,170,779",14.170779,14.402325,0.231546,,0.156921,-13.007604,-13.164525
69,14.402325,"14,402,325",14.402325,14.47695,0.074625,,-13.007604,12.293168,25.300772
70,14.47695,"1,447,695",1.447695,14.529924,13.082229,,12.293168,0.269432,-12.023736
71,14.529924,"14,529,924",14.529924,15.318985,0.789061,,0.269432,0.323743,0.054311
72,15.318985,"15,318,985",15.318985,15.838614,0.519629,,0.323743,-15.882036,-16.205779
73,15.838614,"15,838,614",15.838614,16.0345,0.195886,,-15.882036,15.967768,31.849804
74,16.0345,"160,345",0.160345,16.238267,16.077922,,15.967768,-0.087676,-16.055444
75,16.238267,"16,238,267",16.238267,16.348421,0.110154,,-0.087676,0.196394,0.28407
76,16.348421,"16,348,421",16.348421,16.546251,0.19783,,0.196394,-0.296468,-0.492862
77,16.546251,"16,546,251",16.546251,16.547687,0.001436,,-0.296468,0.262386,0.558854
78,16.547687,"16,547,687",16.547687,16.845591,0.297904,,0.262386,-0.017031,-0.279417
79,16.845591,"16,845,591",16.845591,16.881109,0.035518,,-0.017031,-0.58368,-0.566649
80,16.881109,"16,881,109",16.881109,16.933658,0.052549,,-0.58368,0.265853,0.849533
81,16.933658,"16,933,658",16.933658,17.569887,0.636229,,0.265853,0.329472,0.063619
82,17.569887,"17,569,887",17.569887,17.940263,0.370376,,0.329472,-0.178478,-0.50795
83,17.940263,"17,940,263",17.940263,17.981167,0.040904,,-0.178478,0.133382,0.31186
84,17.981167,"17,981,167",17.981167,18.200549,0.219382,,0.133382,0.086,-0.047382
85,18.200549,"18,200,549",18.200549,18.286549,0.086,,0.086,-0.192352,-0.278352
86,18.286549,"18,286,549",18.286549,18.286549,0,,-0.192352,0.167705,0.360057
87,18.286549,"18,286,549",18.286549,18.478901,0.192352,,0.167705,-0.065703,-0.233408
88,18.478901,"18,478,901",18.478901,18.503548,0.024647,,-0.065703,-0.263987,-0.198284
89,18.503548,"18,503,548",18.503548,18.593898,0.09035,,-0.263987,0.334409,0.598396
90,18.593898,"18,593,898",18.593898,18.948235,0.354337,,0.334409,-0.276814,-0.611223
91,18.948235,"18,948,235",18.948235,18.968163,0.019928,,-0.276814,-0.056788,0.220026
92,18.968163,"18,968,163",18.968163,19.264905,0.296742,,-0.056788,0.015856,0.072644
93,19.264905,"19,264,905",19.264905,19.618435,0.35353,,0.015856,0.258792,0.242936
94,19.618435,"19,618,435",19.618435,19.956109,0.337674,,0.258792,-0.010717,-0.269509
95,19.956109,"19,956,109",19.956109,20.034991,0.078882,,-0.010717,-18.130108,-18.119391
96,20.034991,"20,034,991",20.034991,20.12459,0.089599,,-18.130108,18.219069,36.349177
97,20.12459,"2,012,459",2.012459,20.232166,18.219707,,18.219069,-0.400613,-18.619682
98,20.232166,"20,232,166",20.232166,20.232804,0.000638,,-0.400613,0.393298,0.793911
99,20.232804,"20,232,804",20.232804,20.634055,0.401251,,0.393298,-0.155419,-0.548717
100,20.634055,"20,634,055",20.634055,20.642008,0.007953,,-0.155419,-18.874942,-18.719523
101,20.642008,"20,642,008",20.642008,20.80538,0.163372,,-18.874942,18.48085,37.355792
102,20.80538,"2,080,538",2.080538,21.118852,19.038314,,18.48085,0.120325,-18.360525
103,21.118852,"21,118,852",21.118852,21.676316,0.557464,,0.120325,0.213258,0.092933
104,21.676316,"21,676,316",21.676316,22.113455,0.437139,,0.213258,0.022237,-0.191021
105,22.113455,"22,113,455",22.113455,22.337336,0.223881,,0.022237,-20.085547,-20.107784
106,22.337336,"22,337,336",22.337336,22.53898,0.201644,,-20.085547,20.280099,40.365646
107,22.53898,"2,253,898",2.253898,22.541089,20.287191,,20.280099,0.004125,-20.275974
108,22.541089,"22,541,089",22.541089,22.548181,0.007092,,0.004125,-0.040479,-0.044604
109,22.548181,"22,548,181",22.548181,22.551148,0.002967,,-0.040479,0.043446,0.083925
110,22.551148,"22,551,148",22.551148,22.594594,0.043446,,0.043446,-0.001898,-0.045344
111,22.594594,"22,594,594",22.594594,22.594594,0,,-0.001898,0.001522,0.00342
112,22.594594,"22,594,594",22.594594,22.596492,0.001898,,0.001522,-0.001023,-0.002545
113,22.596492,"22,596,492",22.596492,22.596868,0.000376,,-0.001023,-0.001525,-0.000502
114,22.596868,"22,596,868",22.596868,22.598267,0.001399,,-0.001525,0.002306,0.003831
115,22.598267,"22,598,267",22.598267,22.601191,0.002924,,0.002306,-0.001132,-0.003438
116,22.601191,"22,601,191",22.601191,22.601809,0.000618,,-0.001132,-0.003399,-0.002267
117,22.601809,"22,601,809",22.601809,22.603559,0.00175,,-0.003399,0.004588,0.007987
118,22.603559,"22,603,559",22.603559,22.608708,0.005149,,0.004588,-0.001186,-0.005774
119,22.608708,"22,608,708",22.608708,22.609269,0.000561,,-0.001186,-0.021053,-0.019867
120,22.609269,"22,609,269",22.609269,22.611016,0.001747,,-0.021053,0.0228,0.043853
121,22.611016,"22,611,016",22.611016,22.633816,0.0228,,0.0228,-0.001391,-0.024191
122,22.633816,"22,633,816",22.633816,22.633816,0,,-0.001391,-0.002497,-0.001106
123,22.633816,"22,633,816",22.633816,22.635207,0.001391,,-0.002497,-0.023525,-0.021028
124,22.635207,"22,635,207",22.635207,22.639095,0.003888,,-0.023525,0.025666,0.049191
125,22.639095,"22,639,095",22.639095,22.666508,0.027413,,0.025666,-0.22486,-0.250526
126,22.666508,"22,666,508",22.666508,22.668255,0.001747,,-0.22486,0.0062,0.23106
127,22.668255,"22,668,255",22.668255,22.894862,0.226607,,0.0062,0.145764,0.139564
128,22.894862,"22,894,862",22.894862,23.115269,0.220407,,0.145764,-0.244826,-0.39059
129,23.115269,"23,115,269",23.115269,23.189912,0.074643,,-0.244826,-0.276989,-0.032163
130,23.189912,"23,189,912",23.189912,23.509381,0.319469,,-0.276989,0.153465,0.430454
131,23.509381,"23,509,381",23.509381,24.105839,0.596458,,0.153465,0.403404,0.249939
132,24.105839,"24,105,839",24.105839,24.548832,0.442993,,0.403404,-0.212306,-0.61571
133,24.548832,"24,548,832",24.548832,24.588421,0.039589,,-0.212306,-0.010931,0.201375
134,24.588421,"24,588,421",24.588421,24.840316,0.251895,,-0.010931,0.052675,0.063606
135,24.840316,"24,840,316",24.840316,25.103142,0.262826,,0.052675,-0.561162,-0.613837
136,25.103142,"25,103,142",25.103142,25.313293,0.210151,,-0.561162,0.576426,1.137588
137,25.313293,"25,313,293",25.313293,26.084606,0.771313,,0.576426,0.140654,-0.435772
138,26.084606,"26,084,606",26.084606,26.279493,0.194887,,0.140654,-0.04082,-0.181474
139,26.279493,"26,279,493",26.279493,26.333726,0.054233,,-0.04082,0.045011,0.085831
140,26.333726,"26,333,726",26.333726,26.428779,0.095053,,0.045011,-0.280023,-0.325034
141,26.428779,"26,428,779",26.428779,26.478821,0.050042,,-0.280023,0.250332,0.530355
142,26.478821,"26,478,821",26.478821,26.808886,0.330065,,0.250332,-0.023516,-0.273848
143,26.808886,"26,808,886",26.808886,26.888619,0.079733,,-0.023516,-0.213435,-0.189919
144,26.888619,"26,888,619",26.888619,26.991868,0.103249,,-0.213435,0.194659,0.408094
145,26.991868,"26,991,868",26.991868,27.308552,0.316684,,0.194659,-0.462748,-0.657407
146,27.308552,"27,308,552",27.308552,27.430577,0.122025,,-0.462748,-24.744347,-24.281599
147,27.430577,"27,430,577",27.430577,28.01535,0.584773,,-24.744347,25.023282,49.767629
148,28.01535,"2,801,535",2.801535,28.130655,25.32912,,25.023282,0.098838,-24.924444
149,28.130655,"28,130,655",28.130655,28.436493,0.305838,,0.098838,0.054985,-0.043853
150,28.436493,"28,436,493",28.436493,28.643493,0.207,,0.054985,0.152015,0.09703
151,28.643493,"28,643,493",28.643493,28.795508,0.152015,,0.152015,-0.333152,-0.485167
152,28.795508,"28,795,508",28.795508,28.795508,0,,-0.333152,-25.89247,-25.559318
153,28.795508,"28,795,508",28.795508,29.12866,0.333152,,-25.89247,25.198091,51.090561
154,29.12866,"2,912,866",2.912866,29.138488,26.225622,,25.198091,0.362198,-24.835893
155,29.138488,"29,138,488",29.138488,30.166019,1.027531,,0.362198,0.307367,-0.054831
156,30.166019,"30,166,019",30.166019,30.831352,0.665333,,0.307367,0.270455,-0.036912
157,30.831352,"30,831,352",30.831352,31.189318,0.357966,,0.270455,-0.220355,-0.49081
158,31.189318,"31,189,318",31.189318,31.276829,0.087511,,-0.220355,0.124445,0.3448
159,31.276829,"31,276,829",31.276829,31.584695,0.307866,,0.124445,-0.317052,-0.441497
160,31.584695,"31,584,695",31.584695,31.768116,0.183421,,-0.317052,0.415978,0.73303
161,31.768116,"31,768,116",31.768116,32.268589,0.500473,,0.415978,-0.335806,-0.751784
162,32.268589,"32,268,589",32.268589,32.353084,0.084495,,-0.335806,0.336528,0.672334
163,32.353084,"32,353,084",32.353084,32.773385,0.420301,,0.336528,0.060095,-0.276433
164,32.773385,"32,773,385",32.773385,32.857158,0.083773,,0.060095,-0.0258,-0.085895
165,32.857158,"32,857,158",32.857158,32.880836,0.023678,,-0.0258,0.039923,0.065723
166,32.880836,"32,880,836",32.880836,32.930314,0.049478,,0.039923,-0.042084,-0.082007
167,32.930314,"32,930,314",32.930314,32.939869,0.009555,,-0.042084,-0.092118,-0.050034
168,32.939869,"32,939,869",32.939869,32.991508,0.051639,,-0.092118,0.028116,0.120234
169,32.991508,"32,991,508",32.991508,33.135265,0.143757,,0.028116,0.102604,0.074488
170,33.135265,"33,135,265",33.135265,33.250906,0.115641,,0.102604,0.003456,-0.099148
171,33.250906,"33,250,906",33.250906,33.263943,0.013037,,0.003456,-0.748916,-0.752372
172,33.263943,"33,263,943",33.263943,33.273524,0.009581,,-0.748916,0.575336,1.324252
173,33.273524,"33,273,524",33.273524,34.032021,0.758497,,0.575336,-0.06825,-0.643586
174,34.032021,"34,032,021",34.032021,34.215182,0.183161,,-0.06825,0.213443,0.281693
175,34.215182,"34,215,182",34.215182,34.466593,0.251411,,0.213443,0.001527,-0.211916
176,34.466593,"34,466,593",34.466593,34.504561,0.037968,,0.001527,-0.195469,-0.196996
177,34.504561,"34,504,561",34.504561,34.541002,0.036441,,-0.195469,0.219862,0.415331
178,34.541002,"34,541,002",34.541002,34.772912,0.23191,,0.219862,-31.487377,-31.707239
179,34.772912,"34,772,912",34.772912,34.78496,0.012048,,-31.487377,31.145433,62.63281
180,34.78496,"3,478,496",3.478496,34.977921,31.499425,,31.145433,0.298079,-30.847354
181,34.977921,"34,977,921",34.977921,35.331913,0.353992,,0.298079,-0.047369,-0.345448
182,35.331913,"35,331,913",35.331913,35.387826,0.055913,,-0.047369,-0.225504,-0.178135
183,35.387826,"35,387,826",35.387826,35.491108,0.103282,,-0.225504,-0.058633,0.166871
184,35.491108,"35,491,108",35.491108,35.819894,0.328786,,-0.058633,0.275328,0.333961
185,35.819894,"35,819,894",35.819894,36.207313,0.387419,,0.275328,0.069373,-0.205955
186,36.207313,"36,207,313",36.207313,36.319404,0.112091,,0.069373,0.039253,-0.03012
187,36.319404,"36,319,404",36.319404,36.362122,0.042718,,0.039253,0.002015,-0.037238
188,36.362122,"36,362,122",36.362122,36.365587,0.003465,,0.002015,-0.04326,-0.045275
189,36.365587,"36,365,587",36.365587,36.367037,0.00145,,-0.04326,-0.057966,-0.014706
190,36.367037,"36,367,037",36.367037,36.411747,0.04471,,-0.057966,0.10255,0.160516
191,36.411747,"36,411,747",36.411747,36.514423,0.102676,,0.10255,-0.049486,-0.152036
192,36.514423,"36,514,423",36.514423,36.514549,0.000126,,-0.049486,-0.149641,-0.100155
193,36.514549,"36,514,549",36.514549,36.564161,0.049612,,-0.149641,0.000211,0.149852
194,36.564161,"36,564,161",36.564161,36.763414,0.199253,,0.000211,-0.13651,-0.136721
195,36.763414,"36,763,414",36.763414,36.962456,0.199042,,-0.13651,0.300329,0.436839
196,36.962456,"36,962,456",36.962456,37.298008,0.335552,,0.300329,0.023412,-0.276917
197,37.298008,"37,298,008",37.298008,37.333231,0.035223,,0.023412,-0.007979,-0.031391
198,37.333231,"37,333,231",37.333231,37.345042,0.011811,,-0.007979,-0.050898,-0.042919
199,37.345042,"37,345,042",37.345042,37.364832,0.01979,,-0.050898,-33.724035,-33.673137
200,37.364832,"37,364,832",37.364832,37.43552,0.070688,,-33.724035,33.692227,67.416262
201,37.43552,"3,743,552",3.743552,37.538275,33.794723,,33.692227,-0.089393,-33.78162
202,37.538275,"37,538,275",37.538275,37.640771,0.102496,,-0.089393,-34.139911,-34.050518
203,37.640771,"37,640,771",37.640771,37.83266,0.191889,,-34.139911,34.120853,68.260764
204,37.83266,"3,783,266",3.783266,38.115066,34.3318,,34.120853,-0.230611,-34.351464
205,38.115066,"38,115,066",38.115066,38.326013,0.210947,,-0.230611,0.416115,0.646726
206,38.326013,"38,326,013",38.326013,38.767571,0.441558,,0.416115,-0.153477,-0.569592
207,38.767571,"38,767,571",38.767571,38.793014,0.025443,,-0.153477,-0.13143,0.022047
208,38.793014,"38,793,014",38.793014,38.971934,0.17892,,-0.13143,0.269485,0.400915
209,38.971934,"38,971,934",38.971934,39.282284,0.31035,,0.269485,-0.017885,-0.28737
210,39.282284,"39,282,284",39.282284,39.323149,0.040865,,-0.017885,-0.248414,-0.230529
211,39.323149,"39,323,149",39.323149,39.381899,0.05875,,-0.248414,0.306916,0.55533
212,39.381899,"39,381,899",39.381899,39.689063,0.307164,,0.306916,-0.101673,-0.408589
213,39.689063,"39,689,063",39.689063,39.689311,0.000248,,-0.101673,-0.000618,0.101055
214,39.689311,"39,689,311",39.689311,39.791232,0.101921,,-0.000618,-0.412498,-0.41188
215,39.791232,"39,791,232",39.791232,39.893771,0.102539,,-0.412498,0.359383,0.771881
216,39.893771,"39,893,771",39.893771,40.408808,0.515037,,0.359383,-0.420653,-0.780036
217,40.408808,"40,408,808",40.408808,40.564462,0.155654,,-0.420653,0.389667,0.81032
218,40.564462,"40,564,462",40.564462,41.140769,0.576307,,0.389667,0.167881,-0.221786
219,41.140769,"41,140,769",41.140769,41.327409,0.18664,,0.167881,-0.288522,-0.456403
220,41.327409,"41,327,409",41.327409,41.346168,0.018759,,-0.288522,0.213741,0.502263
221,41.346168,"41,346,168",41.346168,41.653449,0.307281,,0.213741,0.09209,-0.121651
222,41.653449,"41,653,449",41.653449,41.746989,0.09354,,0.09209,0.000715,-0.091375
223,41.746989,"41,746,989",41.746989,41.748439,0.00145,,0.000715,-0.007231,-0.007946
224,41.748439,"41,748,439",41.748439,41.749174,0.000735,,-0.007231,-37.584145,-37.576914
225,41.749174,"41,749,174",41.749174,41.75714,0.007966,,-37.584145,37.589864,75.174009
226,41.75714,"4,175,714",4.175714,41.767825,37.592111,,37.589864,-0.007366,-37.59723
227,41.767825,"41,767,825",41.767825,41.770072,0.002247,,-0.007366,0.008761,0.016127
228,41.770072,"41,770,072",41.770072,41.779685,0.009613,,0.008761,-0.109319,-0.11808
229,41.779685,"41,779,685",41.779685,41.780537,0.000852,,-0.109319,0.109167,0.218486
230,41.780537,"41,780,537",41.780537,41.890708,0.110171,,0.109167,-0.180824,-0.289991
231,41.890708,"41,890,708",41.890708,41.891712,0.001004,,-0.180824,-37.71481,-37.533986
232,41.891712,"41,891,712",41.891712,42.07354,0.181828,,-37.71481,37.896477,75.611287
233,42.07354,"4,207,354",4.207354,42.103992,37.896638,,37.896477,-0.00051,-37.896987
234,42.103992,"42,103,992",42.103992,42.104153,0.000161,,-0.00051,-0.009638,-0.009128
235,42.104153,"42,104,153",42.104153,42.104824,0.000671,,-0.009638,-0.003539,0.006099
236,42.104824,"42,104,824",42.104824,42.115133,0.010309,,-0.003539,0.013577,0.017116
237,42.115133,"42,115,133",42.115133,42.128981,0.013848,,0.013577,-0.002445,-0.016022
238,42.128981,"42,128,981",42.128981,42.129252,0.000271,,-0.002445,-0.006112,-0.003667
239,42.129252,"42,129,252",42.129252,42.131968,0.002716,,-0.006112,-0.033484,-0.027372
240,42.131968,"42,131,968",42.131968,42.140796,0.008828,,-0.033484,0.042312,0.075796
241,42.140796,"42,140,796",42.140796,42.183108,0.042312,,0.042312,-0.003626,-0.045938
242,42.183108,"42,183,108",42.183108,42.183108,0,,-0.003626,0.00187,0.005496
243,42.183108,"42,183,108",42.183108,42.186734,0.003626,,0.00187,-38.051314,-38.053184
244,42.186734,"42,186,734",42.186734,42.18849,0.001756,,-38.051314,38.05307,76.104384
245,42.18849,"4,218,849",4.218849,42.271919,38.05307,,38.05307,-0.000571,-38.053641
246,42.271919,"42,271,919",42.271919,42.271919,0,,-0.000571,-38.092618,-38.092047
247,42.271919,"42,271,919",42.271919,42.27249,0.000571,,-38.092618,38.023544,76.116162
248,42.27249,"4,227,249",4.227249,42.320438,38.093189,,38.023544,0.069539,-37.954005
249,42.320438,"42,320,438",42.320438,42.390083,0.069645,,0.069539,-0.057261,-0.1268
250,42.390083,"42,390,083",42.390083,42.390189,0.000106,,-0.057261,0.046173,0.103434
251,42.390189,"42,390,189",42.390189,42.447556,0.057367,,0.046173,-38.203604,-38.249777
252,42.447556,"42,447,556",42.447556,42.45875,0.011194,,-38.203604,38.196889,76.400493
253,42.45875,"4,245,875",4.245875,42.460673,38.214798,,38.196889,0.013859,-38.18303
254,42.460673,"42,460,673",42.460673,42.478582,0.017909,,0.013859,0.00201,-0.011849
255,42.478582,"42,478,582",42.478582,42.482632,0.00405,,0.00201,-0.017621,-0.019631
256,42.482632,"42,482,632",42.482632,42.484672,0.00204,,-0.017621,-0.007299,0.010322
257,42.484672,"42,484,672",42.484672,42.504333,0.019661,,-0.007299,0.024546,0.031845
258,42.504333,"42,504,333",42.504333,42.531293,0.02696,,0.024546,-0.009957,-0.034503
259,42.531293,"42,531,293",42.531293,42.533707,0.002414,,-0.009957,0.012371,0.022328
260,42.533707,"42,533,707",42.533707,42.546078,0.012371,,0.012371,0,-0.012371
261,42.546078,"42,546,078",42.546078,42.546078,0,,0,0,0
262,42.546078,"42,546,078",42.546078,42.546078,0,,0,0,0
263,42.546078,"42,546,078",42.546078,42.546078,0,,0,0,0
264,42.546078,"42,546,078",42.546078,42.546078,0,,0,0,0
265,42.546078,"42,546,078",42.546078,42.546078,0,,0,0,0
266,42.546078,"42,546,078",42.546078,42.546078,0,,0,0,0
267,42.546078,"42,546,078",42.546078,42.546078,0,,0,-4.7E-05,-4.7E-05
268,42.546078,"42,546,078",42.546078,42.546078,0,,-4.7E-05,-0.003394,-0.003347
269,42.546078,"42,546,078",42.546078,42.546125,4.7E-05,,-0.003394,-0.01165,-0.008256
270,42.546125,"42,546,125",42.546125,42.549566,0.003441,,-0.01165,0.014988,0.026638
271,42.549566,"42,549,566",42.549566,42.564657,0.015091,,0.014988,-38.308599,-38.323587
272,42.564657,"42,564,657",42.564657,42.56476,0.000103,,-38.308599,38.308575,76.617174
273,42.56476,"4,256,476",4.256476,42.565178,38.308702,,38.308575,-3.2E-05,-38.308607
274,42.565178,"42,565,178",42.565178,42.565305,0.000127,,-3.2E-05,-0.0089,-0.008868
275,42.565305,"42,565,305",42.565305,42.565464,0.000159,,-0.0089,0.008927,0.017827
276,42.565464,"42,565,464",42.565464,42.574523,0.009059,,0.008927,0.000132,-0.008795
277,42.574523,"42,574,523",42.574523,42.574655,0.000132,,0.000132,-0.000354,-0.000486
278,42.574655,"42,574,655",42.574655,42.574655,0,,-0.000354,-0.00044,-8.6E-05
279,42.574655,"42,574,655",42.574655,42.575009,0.000354,,-0.00044,-0.004779,-0.004339
280,42.575009,"42,575,009",42.575009,42.575803,0.000794,,-0.004779,0.003586,0.008365
281,42.575803,"42,575,803",42.575803,42.581376,0.005573,,0.003586,0.000651,-0.002935
282,42.581376,"42,581,376",42.581376,42.583363,0.001987,,0.000651,0.000782,0.000131
283,42.583363,"42,583,363",42.583363,42.584699,0.001336,,0.000782,-0.000143,-0.000925
284,42.584699,"42,584,699",42.584699,42.585253,0.000554,,-0.000143,-38.326903,-38.32676
285,42.585253,"42,585,253",42.585253,42.58595,0.000697,,-38.326903,38.304726,76.631629
286,42.58595,"4,258,595",4.258595,42.586195,38.3276,,38.304726,0.022415,-38.282311
287,42.586195,"42,586,195",42.586195,42.609069,0.022874,,0.022415,-0.00042,-0.022835
288,42.609069,"42,609,069",42.609069,42.609528,0.000459,,-0.00042,0.000874,0.001294
289,42.609528,"42,609,528",42.609528,42.610407,0.000879,,0.000874,5E-06,-0.000869
290,42.610407,"42,610,407",42.610407,42.610412,5E-06,,5E-06,-0.013946,-0.013951
291,42.610412,"42,610,412",42.610412,42.610412,0,,-0.013946,0.011682,0.025628
292,42.610412,"42,610,412",42.610412,42.624358,0.013946,,0.011682,-0.006796,-0.018478
293,42.624358,"42,624,358",42.624358,42.626622,0.002264,,-0.006796,0.008462,0.015258
294,42.626622,"42,626,622",42.626622,42.635682,0.00906,,0.008462,-38.372643,-38.381105
295,42.635682,"42,635,682",42.635682,42.63628,0.000598,,-38.372643,38.369845,76.742488
296,42.63628,"4,263,628",4.263628,42.636869,38.373241,,38.369845,-0.025463,-38.395308
297,42.636869,"42,636,869",42.636869,42.640265,0.003396,,-0.025463,0.0279,0.053363
298,42.640265,"42,640,265",42.640265,42.669124,0.028859,,0.0279,-0.056245,-0.084145
299,42.669124,"42,669,124",42.669124,42.670083,0.000959,,-0.056245,0.037359,0.093604
300,42.670083,"42,670,083",42.670083,42.727287,0.057204,,0.037359,-0.01739,-0.054749
301,42.727287,"42,727,287",42.727287,42.747132,0.019845,,-0.01739,0.036995,0.054385
302,42.747132,"42,747,132",42.747132,42.784367,0.037235,,0.036995,-0.004392,-0.041387
303,42.784367,"42,784,367",42.784367,42.784607,0.00024,,-0.004392,-0.039306,-0.034914
304,42.784607,"42,784,607",42.784607,42.789239,0.004632,,-0.039306,0.012987,0.052293
305,42.789239,"42,789,239",42.789239,42.833177,0.043938,,0.012987,0.030195,0.017208
306,42.833177,"42,833,177",42.833177,42.864128,0.030951,,0.030195,-0.294488,-0.324683
307,42.864128,"42,864,128",42.864128,42.864884,0.000756,,-0.294488,0.2845,0.578988
308,42.864884,"42,864,884",42.864884,43.160128,0.295244,,0.2845,-0.017033,-0.301533
309,43.160128,"43,160,128",43.160128,43.170872,0.010744,,-0.017033,0.015991,0.033024
310,43.170872,"43,170,872",43.170872,43.198649,0.027777,,0.015991,0.009088,-0.006903
311,43.198649,"43,198,649",43.198649,43.210435,0.011786,,0.009088,0.002698,-0.00639
312,43.210435,"43,210,435",43.210435,43.213133,0.002698,,0.002698,-0.000297,-0.002995
313,43.213133,"43,213,133",43.213133,43.213133,0,,-0.000297,-38.892568,-38.892271
314,43.213133,"43,213,133",43.213133,43.21343,0.000297,,-38.892568,38.892658,77.785226
315,43.21343,"4,321,343",4.321343,43.214208,38.892865,,38.892658,-0.006826,-38.899484
316,43.214208,"43,214,208",43.214208,43.214415,0.000207,,-0.006826,0.007033,0.013859
317,43.214415,"43,214,415",43.214415,43.221448,0.007033,,0.007033,-0.000292,-0.007325
318,43.221448,"43,221,448",43.221448,43.221448,0,,-0.000292,-39.017298,-39.017006
319,43.221448,"43,221,448",43.221448,43.22174,0.000292,,-39.017298,39.016095,78.033393
320,43.22174,"4,322,174",4.322174,43.339764,39.01759,,39.016095,-0.028926,-39.045021
321,43.339764,"43,339,764",43.339764,43.341259,0.001495,,-0.028926,-39.007251,-38.978325
322,43.341259,"43,341,259",43.341259,43.37168,0.030421,,-39.007251,-0.004487,39.002764
323,43.37168,"4,337,168",4.337168,43.37484,39.037672,,-0.004487,38.944525,38.949012
324,43.37484,"4,337,484",4.337484,43.379643,39.042159,,38.944525,0.024693,-38.919832
325,43.379643,"43,379,643",43.379643,43.477277,0.097634,,0.024693,0.020734,-0.003959
326,43.477277,"43,477,277",43.477277,43.550218,0.072941,,0.020734,-0.000789,-0.021523
327,43.550218,"43,550,218",43.550218,43.602425,0.052207,,-0.000789,-0.166083,-0.165294
328,43.602425,"43,602,425",43.602425,43.655421,0.052996,,-0.166083,-43.216676,-43.050593
329,43.655421,"43,655,421",43.655421,43.8745,0.219079,,-43.216676,-0.000139,43.216537
330,43.8745,"438,745",0.438745,43.8745,43.435755,,-0.000139,43.432688,43.432827
331,43.8745,"438,745",0.438745,43.874639,43.435894,,43.432688,0.002995,-43.429693
332,43.874639,"43,874,639",43.874639,43.877845,0.003206,,0.002995,7.9E-05,-0.002916
333,43.877845,"43,877,845",43.877845,43.878056,0.000211,,7.9E-05,-0.010142,-0.010221
334,43.878056,"43,878,056",43.878056,43.878188,0.000132,,-0.010142,0.010108,0.02025
335,43.878188,"43,878,188",43.878188,43.888462,0.010274,,0.010108,-0.001077,-0.011185
336,43.888462,"43,888,462",43.888462,43.888628,0.000166,,-0.001077,0.001165,0.002242
337,43.888628,"43,888,628",43.888628,43.889871,0.001243,,0.001165,-0.000187,-0.001352
338,43.889871,"43,889,871",43.889871,43.889949,7.8E-05,,-0.000187,-0.047841,-0.047654
339,43.889949,"43,889,949",43.889949,43.890214,0.000265,,-0.047841,-39.504951,-39.45711
340,43.890214,"43,890,214",43.890214,43.93832,0.048106,,-39.504951,39.513628,79.018579
341,43.93832,"4,393,832",4.393832,43.946889,39.553057,,39.513628,-0.128468,-39.642096
342,43.946889,"43,946,889",43.946889,43.986318,0.039429,,-0.128468,0.055212,0.18368
343,43.986318,"43,986,318",43.986318,44.154215,0.167897,,0.055212,-43.739011,-43.794223
344,44.154215,"44,154,215",44.154215,44.2669,0.112685,,-43.739011,43.826085,87.565096
345,44.2669,"442,669",0.442669,44.294365,43.851696,,43.826085,-0.054508,-43.880593
346,44.294365,"44,294,365",44.294365,44.319976,0.025611,,-0.054508,0.078777,0.133285
347,44.319976,"44,319,976",44.319976,44.400095,0.080119,,0.078777,-0.001106,-0.079883
348,44.400095,"44,400,095",44.400095,44.401437,0.001342,,-0.001106,-0.017386,-0.01628
349,44.401437,"44,401,437",44.401437,44.403885,0.002448,,-0.017386,0.017603,0.034989
350,44.403885,"44,403,885",44.403885,44.423719,0.019834,,0.017603,-39.984247,-40.00185
351,44.423719,"44,423,719",44.423719,44.42595,0.002231,,-39.984247,39.972958,79.957205
352,44.42595,"4,442,595",4.442595,44.429073,39.986478,,39.972958,-0.045811,-40.018769
353,44.429073,"44,429,073",44.429073,44.442593,0.01352,,-0.045811,0.014832,0.060643
354,44.442593,"44,442,593",44.442593,44.501924,0.059331,,0.014832,0.041942,0.02711
355,44.501924,"44,501,924",44.501924,44.546423,0.044499,,0.041942,-40.136877,-40.178819
356,44.546423,"44,546,423",44.546423,44.54898,0.002557,,-40.136877,40.129228,80.266105
357,44.54898,"4,454,898",4.454898,44.594332,40.139434,,40.129228,0.009111,-40.120117
358,44.594332,"44,594,332",44.594332,44.604538,0.010206,,0.009111,0.00092,-0.008191
359,44.604538,"44,604,538",44.604538,44.605633,0.001095,,0.00092,-0.002584,-0.003504
360,44.605633,"44,605,633",44.605633,44.605808,0.000175,,-0.002584,-0.046865,-0.044281
361,44.605808,"44,605,808",44.605808,44.608567,0.002759,,-0.046865,-0.209025,-0.16216
362,44.608567,"44,608,567",44.608567,44.658191,0.049624,,-0.209025,-40.211326,-40.002301
363,44.658191,"44,658,191",44.658191,44.91684,0.258649,,-40.211326,40.469849,80.681175
364,44.91684,"4,491,684",4.491684,44.961659,40.469975,,40.469849,-0.053838,-40.523687
365,44.961659,"44,961,659",44.961659,44.961785,0.000126,,-0.053838,-0.138731,-0.084893
366,44.961785,"44,961,785",44.961785,45.015749,0.053964,,-0.138731,0.192695,0.331426
367,45.015749,"45,015,749",45.015749,45.208444,0.192695,,0.192695,-0.000291,-0.192986
368,45.208444,"45,208,444",45.208444,45.208444,0,,-0.000291,-0.002862,-0.002571
369,45.208444,"45,208,444",45.208444,45.208735,0.000291,,-0.002862,0.003153,0.006015
370,45.208735,"45,208,735",45.208735,45.211888,0.003153,,0.003153,-0.000294,-0.003447
371,45.211888,"45,211,888",45.211888,45.211888,0,,-0.000294,-0.006967,-0.006673
372,45.211888,"45,211,888",45.211888,45.212182,0.000294,,-0.006967,0.006941,0.013908
373,45.212182,"45,212,182",45.212182,45.219443,0.007261,,0.006941,0.000161,-0.00678
374,45.219443,"45,219,443",45.219443,45.219763,0.00032,,0.000161,-0.00019,-0.000351
375,45.219763,"45,219,763",45.219763,45.219922,0.000159,,-0.00019,-0.003677,-0.003487
376,45.219922,"45,219,922",45.219922,45.220271,0.000349,,-0.003677,-0.004162,-0.000485
377,45.220271,"45,220,271",45.220271,45.224297,0.004026,,-0.004162,0.008188,0.01235
378,45.224297,"45,224,297",45.224297,45.232485,0.008188,,0.008188,-0.000299,-0.008487
379,45.232485,"45,232,485",45.232485,45.232485,0,,-0.000299,-8.1E-05,0.000218
380,45.232485,"45,232,485",45.232485,45.232784,0.000299,,-8.1E-05,0.000216,0.000297
381,45.232784,"45,232,784",45.232784,45.233164,0.00038,,0.000216,-0.00352,-0.003736
382,45.233164,"45,233,164",45.233164,45.233328,0.000164,,-0.00352,0.003175,0.006695
383,45.233328,"45,233,328",45.233328,45.237012,0.003684,,0.003175,0.000324,-0.002851
384,45.237012,"45,237,012",45.237012,45.237521,0.000509,,0.000324,-0.00033,-0.000654
385,45.237521,"45,237,521",45.237521,45.237706,0.000185,,-0.00033,-0.000243,8.7E-05
386,45.237706,"45,237,706",45.237706,45.238221,0.000515,,-0.000243,0.000572,0.000815
387,45.238221,"45,238,221",45.238221,45.238979,0.000758,,0.000572,-0.0036,-0.004172
388,45.238979,"45,238,979",45.238979,45.239165,0.000186,,-0.0036,0.003786,0.007386
389,45.239165,"45,239,165",45.239165,45.242951,0.003786,,0.003786,-0.000294,-0.00408
390,45.242951,"45,242,951",45.242951,45.242951,0,,-0.000294,-0.005807,-0.005513
391,45.242951,"45,242,951",45.242951,45.243245,0.000294,,-0.005807,0.005728,0.011535
392,45.243245,"45,243,245",45.243245,45.249346,0.006101,,0.005728,0.000241,-0.005487
393,45.249346,"45,249,346",45.249346,45.249719,0.000373,,0.000241,-0.006359,-0.0066
394,45.249719,"45,249,719",45.249719,45.249851,0.000132,,-0.006359,0.006317,0.012676
395,45.249851,"45,249,851",45.249851,45.256342,0.006491,,0.006317,0.000112,-0.006205
396,45.256342,"45,256,342",45.256342,45.256516,0.000174,,0.000112,-0.001505,-0.001617
397,45.256516,"45,256,516",45.256516,45.256578,6.2E-05,,-0.001505,-0.008663,-0.007158
398,45.256578,"45,256,578",45.256578,45.258145,0.001567,,-0.008663,0.010098,0.018761
399,45.258145,"45,258,145",45.258145,45.268375,0.01023,,0.010098,-0.001689,-0.011787
400,45.268375,"45,268,375",45.268375,45.268507,0.000132,,-0.001689,0.001567,0.003256
401,45.268507,"45,268,507",45.268507,45.270328,0.001821,,0.001567,0.000127,-0.00144
402,45.270328,"45,270,328",45.270328,45.270582,0.000254,,0.000127,-0.004043,-0.00417
403,45.270582,"45,270,582",45.270582,45.270709,0.000127,,-0.004043,0.00255,0.006593
404,45.270709,"45,270,709",45.270709,45.274879,0.00417,,0.00255,0.00162,-0.00093
405,45.274879,"45,274,879",45.274879,45.276499,0.00162,,0.00162,-0.000147,-0.001767
406,45.276499,"45,276,499",45.276499,45.276499,0,,-0.000147,-0.000372,-0.000225
407,45.276499,"45,276,499",45.276499,45.276646,0.000147,,-0.000372,0.00042,0.000792
408,45.276646,"45,276,646",45.276646,45.277165,0.000519,,0.00042,-0.003899,-0.004319
409,45.277165,"45,277,165",45.277165,45.277264,9.9E-05,,-0.003899,-0.001535,0.002364
410,45.277264,"45,277,264",45.277264,45.281262,0.003998,,-0.001535,0.005455,0.00699
411,45.281262,"45,281,262",45.281262,45.286795,0.005533,,0.005455,-0.005205,-0.01066
412,45.286795,"45,286,795",45.286795,45.286873,7.8E-05,,-0.005205,0.005283,0.010488
413,45.286873,"45,286,873",45.286873,45.292156,0.005283,,0.005283,-0.000146,-0.005429
414,45.292156,"45,292,156",45.292156,45.292156,0,,-0.000146,-0.094521,-0.094375
415,45.292156,"45,292,156",45.292156,45.292302,0.000146,,-0.094521,0.094036,0.188557
416,45.292302,"45,292,302",45.292302,45.386969,0.094667,,0.094036,-44.933259,-45.027295
417,45.386969,"45,386,969",45.386969,45.3876,0.000631,,-44.933259,44.928886,89.862145
418,45.3876,"453,876",0.453876,45.387766,44.93389,,44.928886,-40.848489,-85.777375
419,45.387766,"45,387,766",45.387766,45.39277,0.005004,,-40.848489,-0.000292,40.848197
420,45.39277,"4,539,277",4.539277,45.39277,40.853493,,-0.000292,40.853384,40.853676
421,45.39277,"4,539,277",4.539277,45.393062,40.853785,,40.853384,0.000238,-40.853146
422,45.393062,"45,393,062",45.393062,45.393463,0.000401,,0.000238,-0.607045,-0.607283
423,45.393463,"45,393,463",45.393463,45.393626,0.000163,,-0.607045,0.569945,1.17699
424,45.393626,"45,393,626",45.393626,46.000834,0.607208,,0.569945,-0.167271,-0.737216
425,46.000834,"46,000,834",46.000834,46.038097,0.037263,,-0.167271,0.102256,0.269527
426,46.038097,"46,038,097",46.038097,46.242631,0.204534,,0.102256,-0.112223,-0.214479
427,46.242631,"46,242,631",46.242631,46.344909,0.102278,,-0.112223,-41.891553,-41.77933
428,46.344909,"46,344,909",46.344909,46.55941,0.214501,,-41.891553,42.104992,83.996545
429,46.55941,"4,655,941",4.655941,46.761995,42.106054,,42.104992,-0.092917,-42.197909
430,46.761995,"46,761,995",46.761995,46.763057,0.001062,,-0.092917,-0.0084,0.084517
431,46.763057,"46,763,057",46.763057,46.857036,0.093979,,-0.0084,0.062388,0.070788
432,46.857036,"46,857,036",46.857036,46.959415,0.102379,,0.062388,-0.219565,-0.281953
433,46.959415,"46,959,415",46.959415,46.999406,0.039991,,-0.219565,-0.240433,-0.020868
434,46.999406,"46,999,406",46.999406,47.258962,0.259556,,-0.240433,0.496629,0.737062
435,47.258962,"47,258,962",47.258962,47.758951,0.499989,,0.496629,-0.380607,-0.877236
436,47.758951,"47,758,951",47.758951,47.762311,0.00336,,-0.380607,0.335999,0.716606
437,47.762311,"47,762,311",47.762311,48.146278,0.383967,,0.335999,-0.511999,-0.847998
438,48.146278,"48,146,278",48.146278,48.194246,0.047968,,-0.511999,0.100689,0.612688
439,48.194246,"48,194,246",48.194246,48.754213,0.559967,,0.100689,-0.475428,-0.576117
440,48.754213,"48,754,213",48.754213,49.213491,0.459278,,-0.475428,0.934706,1.410134
441,49.213491,"49,213,491",49.213491,50.148197,0.934706,,0.934706,-1254.012101,-1254.946807
442,50.148197,"50,148,197",50.148197,,,,-1254.012101,0,1254.012101
,,,,total delay,1254.012101,,,,
,,,rata rata delay,,2.83713145,,total jitter,-0.087676,
,,,,,,,rata rata jitter,-0.000198362,
